,0
0,agricultural
1,agricultural
2,agricultural
3,agricultural
4,agricultural
5,agricultural
6,agricultural
7,agricultural
8,agricultural
9,agricultural
10,agricultural
11,agricultural
12,agricultural
13,agricultural
14,agricultural
15,agricultural
16,agricultural
17,agricultural
18,agricultural
19,agricultural
20,agricultural
21,agricultural
22,agricultural
23,agricultural
24,agricultural
25,agricultural
26,agricultural
27,agricultural
28,agricultural
29,agricultural
30,agricultural
31,agricultural
32,agricultural
33,agricultural
34,agricultural
35,agricultural
36,agricultural
37,agricultural
38,agricultural
39,agricultural
40,agricultural
41,agricultural
42,agricultural
43,agricultural
44,agricultural
45,agricultural
46,agricultural
47,agricultural
48,agricultural
49,agricultural
50,agricultural
51,agricultural
52,agricultural
53,agricultural
54,agricultural
55,agricultural
56,agricultural
57,agricultural
58,agricultural
59,agricultural
60,agricultural
61,agricultural
62,agricultural
63,agricultural
64,agricultural
65,agricultural
66,agricultural
67,agricultural
68,agricultural
69,agricultural
70,agricultural
71,agricultural
72,agricultural
73,agricultural
74,agricultural
75,agricultural
76,agricultural
77,agricultural
78,agricultural
79,agricultural
80,agricultural
81,agricultural
82,agricultural
83,agricultural
84,agricultural
85,agricultural
86,agricultural
87,agricultural
88,agricultural
89,agricultural
90,agricultural
91,agricultural
92,agricultural
93,agricultural
94,agricultural
95,agricultural
96,agricultural
97,agricultural
98,agricultural
99,agricultural
100,airplane
101,airplane
102,airplane
103,airplane
104,airplane
105,airplane
106,airplane
107,airplane
108,airplane
109,airplane
110,airplane
111,airplane
112,airplane
113,airplane
114,airplane
115,airplane
116,airplane
117,airplane
118,airplane
119,airplane
120,airplane
121,airplane
122,airplane
123,airplane
124,airplane
125,airplane
126,airplane
127,airplane
128,airplane
129,airplane
130,airplane
131,airplane
132,airplane
133,airplane
134,airplane
135,airplane
136,airplane
137,airplane
138,airplane
139,airplane
140,airplane
141,airplane
142,airplane
143,airplane
144,airplane
145,airplane
146,airplane
147,airplane
148,airplane
149,airplane
150,airplane
151,airplane
152,airplane
153,airplane
154,airplane
155,airplane
156,airplane
157,airplane
158,airplane
159,airplane
160,airplane
161,airplane
162,airplane
163,airplane
164,airplane
165,airplane
166,airplane
167,airplane
168,airplane
169,airplane
170,airplane
171,airplane
172,airplane
173,airplane
174,airplane
175,airplane
176,airplane
177,airplane
178,airplane
179,airplane
180,airplane
181,airplane
182,airplane
183,airplane
184,airplane
185,airplane
186,airplane
187,airplane
188,airplane
189,airplane
190,airplane
191,airplane
192,airplane
193,airplane
194,airplane
195,airplane
196,airplane
197,airplane
198,airplane
199,airplane
200,baseballdiamond
201,baseballdiamond
202,baseballdiamond
203,baseballdiamond
204,baseballdiamond
205,baseballdiamond
206,baseballdiamond
207,baseballdiamond
208,baseballdiamond
209,baseballdiamond
210,baseballdiamond
211,baseballdiamond
212,baseballdiamond
213,baseballdiamond
214,baseballdiamond
215,baseballdiamond
216,baseballdiamond
217,baseballdiamond
218,baseballdiamond
219,baseballdiamond
220,baseballdiamond
221,baseballdiamond
222,baseballdiamond
223,baseballdiamond
224,baseballdiamond
225,baseballdiamond
226,baseballdiamond
227,baseballdiamond
228,baseballdiamond
229,baseballdiamond
230,baseballdiamond
231,baseballdiamond
232,baseballdiamond
233,baseballdiamond
234,baseballdiamond
235,baseballdiamond
236,baseballdiamond
237,baseballdiamond
238,baseballdiamond
239,baseballdiamond
240,baseballdiamond
241,baseballdiamond
242,baseballdiamond
243,baseballdiamond
244,baseballdiamond
245,baseballdiamond
246,baseballdiamond
247,baseballdiamond
248,baseballdiamond
249,baseballdiamond
250,baseballdiamond
251,baseballdiamond
252,baseballdiamond
253,baseballdiamond
254,baseballdiamond
255,baseballdiamond
256,baseballdiamond
257,baseballdiamond
258,baseballdiamond
259,baseballdiamond
260,baseballdiamond
261,baseballdiamond
262,baseballdiamond
263,baseballdiamond
264,baseballdiamond
265,baseballdiamond
266,baseballdiamond
267,baseballdiamond
268,baseballdiamond
269,baseballdiamond
270,baseballdiamond
271,baseballdiamond
272,baseballdiamond
273,baseballdiamond
274,baseballdiamond
275,baseballdiamond
276,baseballdiamond
277,baseballdiamond
278,baseballdiamond
279,baseballdiamond
280,baseballdiamond
281,baseballdiamond
282,baseballdiamond
283,baseballdiamond
284,baseballdiamond
285,baseballdiamond
286,baseballdiamond
287,baseballdiamond
288,baseballdiamond
289,baseballdiamond
290,baseballdiamond
291,baseballdiamond
292,baseballdiamond
293,baseballdiamond
294,baseballdiamond
295,baseballdiamond
296,baseballdiamond
297,baseballdiamond
298,baseballdiamond
299,baseballdiamond
300,beach
301,beach
302,beach
303,beach
304,beach
305,beach
306,beach
307,beach
308,beach
309,beach
310,beach
311,beach
312,beach
313,beach
314,beach
315,beach
316,beach
317,beach
318,beach
319,beach
320,beach
321,beach
322,beach
323,beach
324,beach
325,beach
326,beach
327,beach
328,beach
329,beach
330,beach
331,beach
332,beach
333,beach
334,beach
335,beach
336,beach
337,beach
338,beach
339,beach
340,beach
341,beach
342,beach
343,beach
344,beach
345,beach
346,beach
347,beach
348,beach
349,beach
350,beach
351,beach
352,beach
353,beach
354,beach
355,beach
356,beach
357,beach
358,beach
359,beach
360,beach
361,beach
362,beach
363,beach
364,beach
365,beach
366,beach
367,beach
368,beach
369,beach
370,beach
371,beach
372,beach
373,beach
374,beach
375,beach
376,beach
377,beach
378,beach
379,beach
380,beach
381,beach
382,beach
383,beach
384,beach
385,beach
386,beach
387,beach
388,beach
389,beach
390,beach
391,beach
392,beach
393,beach
394,beach
395,beach
396,beach
397,beach
398,beach
399,beach
400,buildings
401,buildings
402,buildings
403,buildings
404,buildings
405,buildings
406,buildings
407,buildings
408,buildings
409,buildings
410,buildings
411,buildings
412,buildings
413,buildings
414,buildings
415,buildings
416,buildings
417,buildings
418,buildings
419,buildings
420,buildings
421,buildings
422,buildings
423,buildings
424,buildings
425,buildings
426,buildings
427,buildings
428,buildings
429,buildings
430,buildings
431,buildings
432,buildings
433,buildings
434,buildings
435,buildings
436,buildings
437,buildings
438,buildings
439,buildings
440,buildings
441,buildings
442,buildings
443,buildings
444,buildings
445,buildings
446,buildings
447,buildings
448,buildings
449,buildings
450,buildings
451,buildings
452,buildings
453,buildings
454,buildings
455,buildings
456,buildings
457,buildings
458,buildings
459,buildings
460,buildings
461,buildings
462,buildings
463,buildings
464,buildings
465,buildings
466,buildings
467,buildings
468,buildings
469,buildings
470,buildings
471,buildings
472,buildings
473,buildings
474,buildings
475,buildings
476,buildings
477,buildings
478,buildings
479,buildings
480,buildings
481,buildings
482,buildings
483,buildings
484,buildings
485,buildings
486,buildings
487,buildings
488,buildings
489,buildings
490,buildings
491,buildings
492,buildings
493,buildings
494,buildings
495,buildings
496,buildings
497,buildings
498,buildings
499,buildings
500,chaparral
501,chaparral
502,chaparral
503,chaparral
504,chaparral
505,chaparral
506,chaparral
507,chaparral
508,chaparral
509,chaparral
510,chaparral
511,chaparral
512,chaparral
513,chaparral
514,chaparral
515,chaparral
516,chaparral
517,chaparral
518,chaparral
519,chaparral
520,chaparral
521,chaparral
522,chaparral
523,chaparral
524,chaparral
525,chaparral
526,chaparral
527,chaparral
528,chaparral
529,chaparral
530,chaparral
531,chaparral
532,chaparral
533,chaparral
534,chaparral
535,chaparral
536,chaparral
537,chaparral
538,chaparral
539,chaparral
540,chaparral
541,chaparral
542,chaparral
543,chaparral
544,chaparral
545,chaparral
546,chaparral
547,chaparral
548,chaparral
549,chaparral
550,chaparral
551,chaparral
552,chaparral
553,chaparral
554,chaparral
555,chaparral
556,chaparral
557,chaparral
558,chaparral
559,chaparral
560,chaparral
561,chaparral
562,chaparral
563,chaparral
564,chaparral
565,chaparral
566,chaparral
567,chaparral
568,chaparral
569,chaparral
570,chaparral
571,chaparral
572,chaparral
573,chaparral
574,chaparral
575,chaparral
576,chaparral
577,chaparral
578,chaparral
579,chaparral
580,chaparral
581,chaparral
582,chaparral
583,chaparral
584,chaparral
585,chaparral
586,chaparral
587,chaparral
588,chaparral
589,chaparral
590,chaparral
591,chaparral
592,chaparral
593,chaparral
594,chaparral
595,chaparral
596,chaparral
597,chaparral
598,chaparral
599,chaparral
600,denseresidential
601,denseresidential
602,denseresidential
603,denseresidential
604,denseresidential
605,denseresidential
606,denseresidential
607,denseresidential
608,denseresidential
609,denseresidential
610,denseresidential
611,denseresidential
612,denseresidential
613,denseresidential
614,denseresidential
615,denseresidential
616,denseresidential
617,denseresidential
618,denseresidential
619,denseresidential
620,denseresidential
621,denseresidential
622,denseresidential
623,denseresidential
624,denseresidential
625,denseresidential
626,denseresidential
627,denseresidential
628,denseresidential
629,denseresidential
630,denseresidential
631,denseresidential
632,denseresidential
633,denseresidential
634,denseresidential
635,denseresidential
636,denseresidential
637,denseresidential
638,denseresidential
639,denseresidential
640,denseresidential
641,denseresidential
642,denseresidential
643,denseresidential
644,denseresidential
645,denseresidential
646,denseresidential
647,denseresidential
648,denseresidential
649,denseresidential
650,denseresidential
651,denseresidential
652,denseresidential
653,denseresidential
654,denseresidential
655,denseresidential
656,denseresidential
657,denseresidential
658,denseresidential
659,denseresidential
660,denseresidential
661,denseresidential
662,denseresidential
663,denseresidential
664,denseresidential
665,denseresidential
666,denseresidential
667,denseresidential
668,denseresidential
669,denseresidential
670,denseresidential
671,denseresidential
672,denseresidential
673,denseresidential
674,denseresidential
675,denseresidential
676,denseresidential
677,denseresidential
678,denseresidential
679,denseresidential
680,denseresidential
681,denseresidential
682,denseresidential
683,denseresidential
684,denseresidential
685,denseresidential
686,denseresidential
687,denseresidential
688,denseresidential
689,denseresidential
690,denseresidential
691,denseresidential
692,denseresidential
693,denseresidential
694,denseresidential
695,denseresidential
696,denseresidential
697,denseresidential
698,denseresidential
699,denseresidential
700,forest
701,forest
702,forest
703,forest
704,forest
705,forest
706,forest
707,forest
708,forest
709,forest
710,forest
711,forest
712,forest
713,forest
714,forest
715,forest
716,forest
717,forest
718,forest
719,forest
720,forest
721,forest
722,forest
723,forest
724,forest
725,forest
726,forest
727,forest
728,forest
729,forest
730,forest
731,forest
732,forest
733,forest
734,forest
735,forest
736,forest
737,forest
738,forest
739,forest
740,forest
741,forest
742,forest
743,forest
744,forest
745,forest
746,forest
747,forest
748,forest
749,forest
750,forest
751,forest
752,forest
753,forest
754,forest
755,forest
756,forest
757,forest
758,forest
759,forest
760,forest
761,forest
762,forest
763,forest
764,forest
765,forest
766,forest
767,forest
768,forest
769,forest
770,forest
771,forest
772,forest
773,forest
774,forest
775,forest
776,forest
777,forest
778,forest
779,forest
780,forest
781,forest
782,forest
783,forest
784,forest
785,forest
786,forest
787,forest
788,forest
789,forest
790,forest
791,forest
792,forest
793,forest
794,forest
795,forest
796,forest
797,forest
798,forest
799,forest
800,freeway
801,freeway
802,freeway
803,freeway
804,freeway
805,freeway
806,freeway
807,freeway
808,freeway
809,freeway
810,freeway
811,freeway
812,freeway
813,freeway
814,freeway
815,freeway
816,freeway
817,freeway
818,freeway
819,freeway
820,freeway
821,freeway
822,freeway
823,freeway
824,freeway
825,freeway
826,freeway
827,freeway
828,freeway
829,freeway
830,freeway
831,freeway
832,freeway
833,freeway
834,freeway
835,freeway
836,freeway
837,freeway
838,freeway
839,freeway
840,freeway
841,freeway
842,freeway
843,freeway
844,freeway
845,freeway
846,freeway
847,freeway
848,freeway
849,freeway
850,freeway
851,freeway
852,freeway
853,freeway
854,freeway
855,freeway
856,freeway
857,freeway
858,freeway
859,freeway
860,freeway
861,freeway
862,freeway
863,freeway
864,freeway
865,freeway
866,freeway
867,freeway
868,freeway
869,freeway
870,freeway
871,freeway
872,freeway
873,freeway
874,freeway
875,freeway
876,freeway
877,freeway
878,freeway
879,freeway
880,freeway
881,freeway
882,freeway
883,freeway
884,freeway
885,freeway
886,freeway
887,freeway
888,freeway
889,freeway
890,freeway
891,freeway
892,freeway
893,freeway
894,freeway
895,freeway
896,freeway
897,freeway
898,freeway
899,freeway
900,golfcourse
901,golfcourse
902,golfcourse
903,golfcourse
904,golfcourse
905,golfcourse
906,golfcourse
907,golfcourse
908,golfcourse
909,golfcourse
910,golfcourse
911,golfcourse
912,golfcourse
913,golfcourse
914,golfcourse
915,golfcourse
916,golfcourse
917,golfcourse
918,golfcourse
919,golfcourse
920,golfcourse
921,golfcourse
922,golfcourse
923,golfcourse
924,golfcourse
925,golfcourse
926,golfcourse
927,golfcourse
928,golfcourse
929,golfcourse
930,golfcourse
931,golfcourse
932,golfcourse
933,golfcourse
934,golfcourse
935,golfcourse
936,golfcourse
937,golfcourse
938,golfcourse
939,golfcourse
940,golfcourse
941,golfcourse
942,golfcourse
943,golfcourse
944,golfcourse
945,golfcourse
946,golfcourse
947,golfcourse
948,golfcourse
949,golfcourse
950,golfcourse
951,golfcourse
952,golfcourse
953,golfcourse
954,golfcourse
955,golfcourse
956,golfcourse
957,golfcourse
958,golfcourse
959,golfcourse
960,golfcourse
961,golfcourse
962,golfcourse
963,golfcourse
964,golfcourse
965,golfcourse
966,golfcourse
967,golfcourse
968,golfcourse
969,golfcourse
970,golfcourse
971,golfcourse
972,golfcourse
973,golfcourse
974,golfcourse
975,golfcourse
976,golfcourse
977,golfcourse
978,golfcourse
979,golfcourse
980,golfcourse
981,golfcourse
982,golfcourse
983,golfcourse
984,golfcourse
985,golfcourse
986,golfcourse
987,golfcourse
988,golfcourse
989,golfcourse
990,golfcourse
991,golfcourse
992,golfcourse
993,golfcourse
994,golfcourse
995,golfcourse
996,golfcourse
997,golfcourse
998,golfcourse
999,golfcourse
1000,harbor
1001,harbor
1002,harbor
1003,harbor
1004,harbor
1005,harbor
1006,harbor
1007,harbor
1008,harbor
1009,harbor
1010,harbor
1011,harbor
1012,harbor
1013,harbor
1014,harbor
1015,harbor
1016,harbor
1017,harbor
1018,harbor
1019,harbor
1020,harbor
1021,harbor
1022,harbor
1023,harbor
1024,harbor
1025,harbor
1026,harbor
1027,harbor
1028,harbor
1029,harbor
1030,harbor
1031,harbor
1032,harbor
1033,harbor
1034,harbor
1035,harbor
1036,harbor
1037,harbor
1038,harbor
1039,harbor
1040,harbor
1041,harbor
1042,harbor
1043,harbor
1044,harbor
1045,harbor
1046,harbor
1047,harbor
1048,harbor
1049,harbor
1050,harbor
1051,harbor
1052,harbor
1053,harbor
1054,harbor
1055,harbor
1056,harbor
1057,harbor
1058,harbor
1059,harbor
1060,harbor
1061,harbor
1062,harbor
1063,harbor
1064,harbor
1065,harbor
1066,harbor
1067,harbor
1068,harbor
1069,harbor
1070,harbor
1071,harbor
1072,harbor
1073,harbor
1074,harbor
1075,harbor
1076,harbor
1077,harbor
1078,harbor
1079,harbor
1080,harbor
1081,harbor
1082,harbor
1083,harbor
1084,harbor
1085,harbor
1086,harbor
1087,harbor
1088,harbor
1089,harbor
1090,harbor
1091,harbor
1092,harbor
1093,harbor
1094,harbor
1095,harbor
1096,harbor
1097,harbor
1098,harbor
1099,harbor
1100,intersection
1101,intersection
1102,intersection
1103,intersection
1104,intersection
1105,intersection
1106,intersection
1107,intersection
1108,intersection
1109,intersection
1110,intersection
1111,intersection
1112,intersection
1113,intersection
1114,intersection
1115,intersection
1116,intersection
1117,intersection
1118,intersection
1119,intersection
1120,intersection
1121,intersection
1122,intersection
1123,intersection
1124,intersection
1125,intersection
1126,intersection
1127,intersection
1128,intersection
1129,intersection
1130,intersection
1131,intersection
1132,intersection
1133,intersection
1134,intersection
1135,intersection
1136,intersection
1137,intersection
1138,intersection
1139,intersection
1140,intersection
1141,intersection
1142,intersection
1143,intersection
1144,intersection
1145,intersection
1146,intersection
1147,intersection
1148,intersection
1149,intersection
1150,intersection
1151,intersection
1152,intersection
1153,intersection
1154,intersection
1155,intersection
1156,intersection
1157,intersection
1158,intersection
1159,intersection
1160,intersection
1161,intersection
1162,intersection
1163,intersection
1164,intersection
1165,intersection
1166,intersection
1167,intersection
1168,intersection
1169,intersection
1170,intersection
1171,intersection
1172,intersection
1173,intersection
1174,intersection
1175,intersection
1176,intersection
1177,intersection
1178,intersection
1179,intersection
1180,intersection
1181,intersection
1182,intersection
1183,intersection
1184,intersection
1185,intersection
1186,intersection
1187,intersection
1188,intersection
1189,intersection
1190,intersection
1191,intersection
1192,intersection
1193,intersection
1194,intersection
1195,intersection
1196,intersection
1197,intersection
1198,intersection
1199,intersection
1200,mediumresidential
1201,mediumresidential
1202,mediumresidential
1203,mediumresidential
1204,mediumresidential
1205,mediumresidential
1206,mediumresidential
1207,mediumresidential
1208,mediumresidential
1209,mediumresidential
1210,mediumresidential
1211,mediumresidential
1212,mediumresidential
1213,mediumresidential
1214,mediumresidential
1215,mediumresidential
1216,mediumresidential
1217,mediumresidential
1218,mediumresidential
1219,mediumresidential
1220,mediumresidential
1221,mediumresidential
1222,mediumresidential
1223,mediumresidential
1224,mediumresidential
1225,mediumresidential
1226,mediumresidential
1227,mediumresidential
1228,mediumresidential
1229,mediumresidential
1230,mediumresidential
1231,mediumresidential
1232,mediumresidential
1233,mediumresidential
1234,mediumresidential
1235,mediumresidential
1236,mediumresidential
1237,mediumresidential
1238,mediumresidential
1239,mediumresidential
1240,mediumresidential
1241,mediumresidential
1242,mediumresidential
1243,mediumresidential
1244,mediumresidential
1245,mediumresidential
1246,mediumresidential
1247,mediumresidential
1248,mediumresidential
1249,mediumresidential
1250,mediumresidential
1251,mediumresidential
1252,mediumresidential
1253,mediumresidential
1254,mediumresidential
1255,mediumresidential
1256,mediumresidential
1257,mediumresidential
1258,mediumresidential
1259,mediumresidential
1260,mediumresidential
1261,mediumresidential
1262,mediumresidential
1263,mediumresidential
1264,mediumresidential
1265,mediumresidential
1266,mediumresidential
1267,mediumresidential
1268,mediumresidential
1269,mediumresidential
1270,mediumresidential
1271,mediumresidential
1272,mediumresidential
1273,mediumresidential
1274,mediumresidential
1275,mediumresidential
1276,mediumresidential
1277,mediumresidential
1278,mediumresidential
1279,mediumresidential
1280,mediumresidential
1281,mediumresidential
1282,mediumresidential
1283,mediumresidential
1284,mediumresidential
1285,mediumresidential
1286,mediumresidential
1287,mediumresidential
1288,mediumresidential
1289,mediumresidential
1290,mediumresidential
1291,mediumresidential
1292,mediumresidential
1293,mediumresidential
1294,mediumresidential
1295,mediumresidential
1296,mediumresidential
1297,mediumresidential
1298,mediumresidential
1299,mediumresidential
1300,mobilehomepark
1301,mobilehomepark
1302,mobilehomepark
1303,mobilehomepark
1304,mobilehomepark
1305,mobilehomepark
1306,mobilehomepark
1307,mobilehomepark
1308,mobilehomepark
1309,mobilehomepark
1310,mobilehomepark
1311,mobilehomepark
1312,mobilehomepark
1313,mobilehomepark
1314,mobilehomepark
1315,mobilehomepark
1316,mobilehomepark
1317,mobilehomepark
1318,mobilehomepark
1319,mobilehomepark
1320,mobilehomepark
1321,mobilehomepark
1322,mobilehomepark
1323,mobilehomepark
1324,mobilehomepark
1325,mobilehomepark
1326,mobilehomepark
1327,mobilehomepark
1328,mobilehomepark
1329,mobilehomepark
1330,mobilehomepark
1331,mobilehomepark
1332,mobilehomepark
1333,mobilehomepark
1334,mobilehomepark
1335,mobilehomepark
1336,mobilehomepark
1337,mobilehomepark
1338,mobilehomepark
1339,mobilehomepark
1340,mobilehomepark
1341,mobilehomepark
1342,mobilehomepark
1343,mobilehomepark
1344,mobilehomepark
1345,mobilehomepark
1346,mobilehomepark
1347,mobilehomepark
1348,mobilehomepark
1349,mobilehomepark
1350,mobilehomepark
1351,mobilehomepark
1352,mobilehomepark
1353,mobilehomepark
1354,mobilehomepark
1355,mobilehomepark
1356,mobilehomepark
1357,mobilehomepark
1358,mobilehomepark
1359,mobilehomepark
1360,mobilehomepark
1361,mobilehomepark
1362,mobilehomepark
1363,mobilehomepark
1364,mobilehomepark
1365,mobilehomepark
1366,mobilehomepark
1367,mobilehomepark
1368,mobilehomepark
1369,mobilehomepark
1370,mobilehomepark
1371,mobilehomepark
1372,mobilehomepark
1373,mobilehomepark
1374,mobilehomepark
1375,mobilehomepark
1376,mobilehomepark
1377,mobilehomepark
1378,mobilehomepark
1379,mobilehomepark
1380,mobilehomepark
1381,mobilehomepark
1382,mobilehomepark
1383,mobilehomepark
1384,mobilehomepark
1385,mobilehomepark
1386,mobilehomepark
1387,mobilehomepark
1388,mobilehomepark
1389,mobilehomepark
1390,mobilehomepark
1391,mobilehomepark
1392,mobilehomepark
1393,mobilehomepark
1394,mobilehomepark
1395,mobilehomepark
1396,mobilehomepark
1397,mobilehomepark
1398,mobilehomepark
1399,mobilehomepark
1400,overpass
1401,overpass
1402,overpass
1403,overpass
1404,overpass
1405,overpass
1406,overpass
1407,overpass
1408,overpass
1409,overpass
1410,overpass
1411,overpass
1412,overpass
1413,overpass
1414,overpass
1415,overpass
1416,overpass
1417,overpass
1418,overpass
1419,overpass
1420,overpass
1421,overpass
1422,overpass
1423,overpass
1424,overpass
1425,overpass
1426,overpass
1427,overpass
1428,overpass
1429,overpass
1430,overpass
1431,overpass
1432,overpass
1433,overpass
1434,overpass
1435,overpass
1436,overpass
1437,overpass
1438,overpass
1439,overpass
1440,overpass
1441,overpass
1442,overpass
1443,overpass
1444,overpass
1445,overpass
1446,overpass
1447,overpass
1448,overpass
1449,overpass
1450,overpass
1451,overpass
1452,overpass
1453,overpass
1454,overpass
1455,overpass
1456,overpass
1457,overpass
1458,overpass
1459,overpass
1460,overpass
1461,overpass
1462,overpass
1463,overpass
1464,overpass
1465,overpass
1466,overpass
1467,overpass
1468,overpass
1469,overpass
1470,overpass
1471,overpass
1472,overpass
1473,overpass
1474,overpass
1475,overpass
1476,overpass
1477,overpass
1478,overpass
1479,overpass
1480,overpass
1481,overpass
1482,overpass
1483,overpass
1484,overpass
1485,overpass
1486,overpass
1487,overpass
1488,overpass
1489,overpass
1490,overpass
1491,overpass
1492,overpass
1493,overpass
1494,overpass
1495,overpass
1496,overpass
1497,overpass
1498,overpass
1499,overpass
1500,parkinglot
1501,parkinglot
1502,parkinglot
1503,parkinglot
1504,parkinglot
1505,parkinglot
1506,parkinglot
1507,parkinglot
1508,parkinglot
1509,parkinglot
1510,parkinglot
1511,parkinglot
1512,parkinglot
1513,parkinglot
1514,parkinglot
1515,parkinglot
1516,parkinglot
1517,parkinglot
1518,parkinglot
1519,parkinglot
1520,parkinglot
1521,parkinglot
1522,parkinglot
1523,parkinglot
1524,parkinglot
1525,parkinglot
1526,parkinglot
1527,parkinglot
1528,parkinglot
1529,parkinglot
1530,parkinglot
1531,parkinglot
1532,parkinglot
1533,parkinglot
1534,parkinglot
1535,parkinglot
1536,parkinglot
1537,parkinglot
1538,parkinglot
1539,parkinglot
1540,parkinglot
1541,parkinglot
1542,parkinglot
1543,parkinglot
1544,parkinglot
1545,parkinglot
1546,parkinglot
1547,parkinglot
1548,parkinglot
1549,parkinglot
1550,parkinglot
1551,parkinglot
1552,parkinglot
1553,parkinglot
1554,parkinglot
1555,parkinglot
1556,parkinglot
1557,parkinglot
1558,parkinglot
1559,parkinglot
1560,parkinglot
1561,parkinglot
1562,parkinglot
1563,parkinglot
1564,parkinglot
1565,parkinglot
1566,parkinglot
1567,parkinglot
1568,parkinglot
1569,parkinglot
1570,parkinglot
1571,parkinglot
1572,parkinglot
1573,parkinglot
1574,parkinglot
1575,parkinglot
1576,parkinglot
1577,parkinglot
1578,parkinglot
1579,parkinglot
1580,parkinglot
1581,parkinglot
1582,parkinglot
1583,parkinglot
1584,parkinglot
1585,parkinglot
1586,parkinglot
1587,parkinglot
1588,parkinglot
1589,parkinglot
1590,parkinglot
1591,parkinglot
1592,parkinglot
1593,parkinglot
1594,parkinglot
1595,parkinglot
1596,parkinglot
1597,parkinglot
1598,parkinglot
1599,parkinglot
1600,river
1601,river
1602,river
1603,river
1604,river
1605,river
1606,river
1607,river
1608,river
1609,river
1610,river
1611,river
1612,river
1613,river
1614,river
1615,river
1616,river
1617,river
1618,river
1619,river
1620,river
1621,river
1622,river
1623,river
1624,river
1625,river
1626,river
1627,river
1628,river
1629,river
1630,river
1631,river
1632,river
1633,river
1634,river
1635,river
1636,river
1637,river
1638,river
1639,river
1640,river
1641,river
1642,river
1643,river
1644,river
1645,river
1646,river
1647,river
1648,river
1649,river
1650,river
1651,river
1652,river
1653,river
1654,river
1655,river
1656,river
1657,river
1658,river
1659,river
1660,river
1661,river
1662,river
1663,river
1664,river
1665,river
1666,river
1667,river
1668,river
1669,river
1670,river
1671,river
1672,river
1673,river
1674,river
1675,river
1676,river
1677,river
1678,river
1679,river
1680,river
1681,river
1682,river
1683,river
1684,river
1685,river
1686,river
1687,river
1688,river
1689,river
1690,river
1691,river
1692,river
1693,river
1694,river
1695,river
1696,river
1697,river
1698,river
1699,river
1700,runway
1701,runway
1702,runway
1703,runway
1704,runway
1705,runway
1706,runway
1707,runway
1708,runway
1709,runway
1710,runway
1711,runway
1712,runway
1713,runway
1714,runway
1715,runway
1716,runway
1717,runway
1718,runway
1719,runway
1720,runway
1721,runway
1722,runway
1723,runway
1724,runway
1725,runway
1726,runway
1727,runway
1728,runway
1729,runway
1730,runway
1731,runway
1732,runway
1733,runway
1734,runway
1735,runway
1736,runway
1737,runway
1738,runway
1739,runway
1740,runway
1741,runway
1742,runway
1743,runway
1744,runway
1745,runway
1746,runway
1747,runway
1748,runway
1749,runway
1750,runway
1751,runway
1752,runway
1753,runway
1754,runway
1755,runway
1756,runway
1757,runway
1758,runway
1759,runway
1760,runway
1761,runway
1762,runway
1763,runway
1764,runway
1765,runway
1766,runway
1767,runway
1768,runway
1769,runway
1770,runway
1771,runway
1772,runway
1773,runway
1774,runway
1775,runway
1776,runway
1777,runway
1778,runway
1779,runway
1780,runway
1781,runway
1782,runway
1783,runway
1784,runway
1785,runway
1786,runway
1787,runway
1788,runway
1789,runway
1790,runway
1791,runway
1792,runway
1793,runway
1794,runway
1795,runway
1796,runway
1797,runway
1798,runway
1799,runway
1800,sparseresidential
1801,sparseresidential
1802,sparseresidential
1803,sparseresidential
1804,sparseresidential
1805,sparseresidential
1806,sparseresidential
1807,sparseresidential
1808,sparseresidential
1809,sparseresidential
1810,sparseresidential
1811,sparseresidential
1812,sparseresidential
1813,sparseresidential
1814,sparseresidential
1815,sparseresidential
1816,sparseresidential
1817,sparseresidential
1818,sparseresidential
1819,sparseresidential
1820,sparseresidential
1821,sparseresidential
1822,sparseresidential
1823,sparseresidential
1824,sparseresidential
1825,sparseresidential
1826,sparseresidential
1827,sparseresidential
1828,sparseresidential
1829,sparseresidential
1830,sparseresidential
1831,sparseresidential
1832,sparseresidential
1833,sparseresidential
1834,sparseresidential
1835,sparseresidential
1836,sparseresidential
1837,sparseresidential
1838,sparseresidential
1839,sparseresidential
1840,sparseresidential
1841,sparseresidential
1842,sparseresidential
1843,sparseresidential
1844,sparseresidential
1845,sparseresidential
1846,sparseresidential
1847,sparseresidential
1848,sparseresidential
1849,sparseresidential
1850,sparseresidential
1851,sparseresidential
1852,sparseresidential
1853,sparseresidential
1854,sparseresidential
1855,sparseresidential
1856,sparseresidential
1857,sparseresidential
1858,sparseresidential
1859,sparseresidential
1860,sparseresidential
1861,sparseresidential
1862,sparseresidential
1863,sparseresidential
1864,sparseresidential
1865,sparseresidential
1866,sparseresidential
1867,sparseresidential
1868,sparseresidential
1869,sparseresidential
1870,sparseresidential
1871,sparseresidential
1872,sparseresidential
1873,sparseresidential
1874,sparseresidential
1875,sparseresidential
1876,sparseresidential
1877,sparseresidential
1878,sparseresidential
1879,sparseresidential
1880,sparseresidential
1881,sparseresidential
1882,sparseresidential
1883,sparseresidential
1884,sparseresidential
1885,sparseresidential
1886,sparseresidential
1887,sparseresidential
1888,sparseresidential
1889,sparseresidential
1890,sparseresidential
1891,sparseresidential
1892,sparseresidential
1893,sparseresidential
1894,sparseresidential
1895,sparseresidential
1896,sparseresidential
1897,sparseresidential
1898,sparseresidential
1899,sparseresidential
1900,storagetanks
1901,storagetanks
1902,storagetanks
1903,storagetanks
1904,storagetanks
1905,storagetanks
1906,storagetanks
1907,storagetanks
1908,storagetanks
1909,storagetanks
1910,storagetanks
1911,storagetanks
1912,storagetanks
1913,storagetanks
1914,storagetanks
1915,storagetanks
1916,storagetanks
1917,storagetanks
1918,storagetanks
1919,storagetanks
1920,storagetanks
1921,storagetanks
1922,storagetanks
1923,storagetanks
1924,storagetanks
1925,storagetanks
1926,storagetanks
1927,storagetanks
1928,storagetanks
1929,storagetanks
1930,storagetanks
1931,storagetanks
1932,storagetanks
1933,storagetanks
1934,storagetanks
1935,storagetanks
1936,storagetanks
1937,storagetanks
1938,storagetanks
1939,storagetanks
1940,storagetanks
1941,storagetanks
1942,storagetanks
1943,storagetanks
1944,storagetanks
1945,storagetanks
1946,storagetanks
1947,storagetanks
1948,storagetanks
1949,storagetanks
1950,storagetanks
1951,storagetanks
1952,storagetanks
1953,storagetanks
1954,storagetanks
1955,storagetanks
1956,storagetanks
1957,storagetanks
1958,storagetanks
1959,storagetanks
1960,storagetanks
1961,storagetanks
1962,storagetanks
1963,storagetanks
1964,storagetanks
1965,storagetanks
1966,storagetanks
1967,storagetanks
1968,storagetanks
1969,storagetanks
1970,storagetanks
1971,storagetanks
1972,storagetanks
1973,storagetanks
1974,storagetanks
1975,storagetanks
1976,storagetanks
1977,storagetanks
1978,storagetanks
1979,storagetanks
1980,storagetanks
1981,storagetanks
1982,storagetanks
1983,storagetanks
1984,storagetanks
1985,storagetanks
1986,storagetanks
1987,storagetanks
1988,storagetanks
1989,storagetanks
1990,storagetanks
1991,storagetanks
1992,storagetanks
1993,storagetanks
1994,storagetanks
1995,storagetanks
1996,storagetanks
1997,storagetanks
1998,storagetanks
1999,storagetanks
2000,tenniscourt
2001,tenniscourt
2002,tenniscourt
2003,tenniscourt
2004,tenniscourt
2005,tenniscourt
2006,tenniscourt
2007,tenniscourt
2008,tenniscourt
2009,tenniscourt
2010,tenniscourt
2011,tenniscourt
2012,tenniscourt
2013,tenniscourt
2014,tenniscourt
2015,tenniscourt
2016,tenniscourt
2017,tenniscourt
2018,tenniscourt
2019,tenniscourt
2020,tenniscourt
2021,tenniscourt
2022,tenniscourt
2023,tenniscourt
2024,tenniscourt
2025,tenniscourt
2026,tenniscourt
2027,tenniscourt
2028,tenniscourt
2029,tenniscourt
2030,tenniscourt
2031,tenniscourt
2032,tenniscourt
2033,tenniscourt
2034,tenniscourt
2035,tenniscourt
2036,tenniscourt
2037,tenniscourt
2038,tenniscourt
2039,tenniscourt
2040,tenniscourt
2041,tenniscourt
2042,tenniscourt
2043,tenniscourt
2044,tenniscourt
2045,tenniscourt
2046,tenniscourt
2047,tenniscourt
2048,tenniscourt
2049,tenniscourt
2050,tenniscourt
2051,tenniscourt
2052,tenniscourt
2053,tenniscourt
2054,tenniscourt
2055,tenniscourt
2056,tenniscourt
2057,tenniscourt
2058,tenniscourt
2059,tenniscourt
2060,tenniscourt
2061,tenniscourt
2062,tenniscourt
2063,tenniscourt
2064,tenniscourt
2065,tenniscourt
2066,tenniscourt
2067,tenniscourt
2068,tenniscourt
2069,tenniscourt
2070,tenniscourt
2071,tenniscourt
2072,tenniscourt
2073,tenniscourt
2074,tenniscourt
2075,tenniscourt
2076,tenniscourt
2077,tenniscourt
2078,tenniscourt
2079,tenniscourt
2080,tenniscourt
2081,tenniscourt
2082,tenniscourt
2083,tenniscourt
2084,tenniscourt
2085,tenniscourt
2086,tenniscourt
2087,tenniscourt
2088,tenniscourt
2089,tenniscourt
2090,tenniscourt
2091,tenniscourt
2092,tenniscourt
2093,tenniscourt
2094,tenniscourt
2095,tenniscourt
2096,tenniscourt
2097,tenniscourt
2098,tenniscourt
2099,tenniscourt
